date,stock,value,change
2019-06-04,AMD,26.26,0.0709624796084829
2019-06-04,ISHARES DIGITAL ETF,5.93,0.011945392491467421
2019-06-05,AMD,26.28,0.0007616146230007281
2019-06-05,ISHARES DIGITAL ETF,5.98,0.008431703204047292
2019-06-06,AMD,28.23,0.07420091324200917
2019-06-06,ISHARES DIGITAL ETF,5.93,-0.008361204013378032
2019-06-07,AMD,28.6,0.013106624158696567
2019-06-07,ISHARES DIGITAL ETF,5.96,0.005059021922428464
2019-06-08,ISHARES DIGITAL ETF,6.01,0.008389261744966348
2019-06-09,ISHARES DIGITAL ETF,6.02,0.0016638935108153063
2019-06-10,AMD,29.91,0.0458041958041957
2019-06-10,ISHARES DIGITAL ETF,5.92,-0.01661129568106301
2019-06-11,ISHARES DIGITAL ETF,6.09,0.028716216216216228
2019-06-11,AMD,28.6,-0.043798060849214226
2019-06-12,AMD,28.5,-0.0034965034965035446
2019-06-12,ISHARES DIGITAL ETF,6.08,-0.0016420361247947435
2019-06-13,ISHARES DIGITAL ETF,6.07,-0.0016447368421051989
2019-06-13,AMD,27.83,-0.02350877192982459
2019-06-14,ISHARES DIGITAL ETF,6.12,0.008237232289950658
2019-06-14,AMD,27.07,-0.027308659719726847
2019-06-15,ISHARES DIGITAL ETF,6.12,0.0
2019-06-16,ISHARES DIGITAL ETF,6.12,0.0
2019-06-17,ISHARES DIGITAL ETF,6.1,-0.0032679738562092497
2019-06-17,AMD,26.02,-0.03878832656076836
2019-06-18,ISHARES DIGITAL ETF,6.17,0.011475409836065653
2019-06-18,AMD,27.2,0.04534973097617212
2019-06-19,ISHARES DIGITAL ETF,6.21,0.006482982171799101
2019-06-19,AMD,27.16,-0.0014705882352941124
2019-06-20,ISHARES DIGITAL ETF,6.23,0.0032206119162641045
2019-06-20,AMD,26.57,-0.02172312223858619
2019-06-21,AMD,25.56,-0.03801279638690258
2019-06-21,ISHARES DIGITAL ETF,6.14,-0.014446227929374111
2019-06-22,ISHARES DIGITAL ETF,6.13,-0.0016286644951140072
2019-06-23,ISHARES DIGITAL ETF,6.17,0.006525285481239873
2019-06-24,AMD,25.66,0.00391236306729259
2019-06-24,ISHARES DIGITAL ETF,6.1,-0.011345218800648316
2019-06-25,AMD,25.38,-0.010911925175370318
2019-06-25,ISHARES DIGITAL ETF,6.01,-0.014754098360655665
2019-06-26,ISHARES DIGITAL ETF,6.03,0.0033277870216306127
2019-06-26,AMD,26.32,0.03703703703703698
2019-06-27,AMD,27.04,0.027355623100303816
2019-06-27,ISHARES DIGITAL ETF,6.09,0.00995024875621886
2019-06-28,ISHARES DIGITAL ETF,6.13,0.006568144499178974
2019-06-28,AMD,26.71,-0.012204142011834285
2019-07-01,ISHARES DIGITAL ETF,6.18,0.00815660685154973
2019-07-01,AMD,27.64,0.03481842006739044
2019-07-02,AMD,27.67,0.0010853835021709113
2019-07-02,ISHARES DIGITAL ETF,6.2,0.003236245954692629
2019-07-03,AMD,27.58,-0.003252620166245168
2019-07-03,ISHARES DIGITAL ETF,6.23,0.004838709677419395
2019-07-04,ISHARES DIGITAL ETF,6.25,0.0032102728731941976
2019-07-04,AMD,27.82,0.008701957940536742
2019-07-05,AMD,28.05,0.008267433501078392
2019-07-05,ISHARES DIGITAL ETF,6.26,0.0016000000000000458
2019-07-06,ISHARES DIGITAL ETF,6.26,0.0
2019-07-07,ISHARES DIGITAL ETF,6.25,-0.0015974440894568342
2019-07-08,ISHARES DIGITAL ETF,6.24,-0.0015999999999999348
2019-07-08,AMD,28.59,0.019251336898395754
2019-07-09,ISHARES DIGITAL ETF,6.25,0.0016025641025640969
2019-07-09,AMD,29.57,0.03427771948233649
2019-07-10,AMD,30.02,0.015218126479540128
2019-07-10,ISHARES DIGITAL ETF,6.27,0.0031999999999998696
2019-07-11,ISHARES DIGITAL ETF,6.28,0.0015948963317384823
2019-07-11,AMD,29.36,-0.021985343104596988
2019-07-12,AMD,29.48,0.004087193460490468
2019-07-12,ISHARES DIGITAL ETF,6.3,0.0031847133757960666
2019-07-13,ISHARES DIGITAL ETF,6.31,0.0015873015873015817
2019-07-14,ISHARES DIGITAL ETF,6.3,-0.0015847860538826808
2019-07-15,ISHARES DIGITAL ETF,6.31,0.0015873015873015817
2019-07-15,AMD,30.54,0.03595658073270003
2019-07-16,ISHARES DIGITAL ETF,6.29,-0.0031695721077653616
2019-07-16,AMD,30.18,-0.011787819253438081
2019-07-17,AMD,29.92,-0.008614976805831565
2019-07-17,ISHARES DIGITAL ETF,6.28,-0.0015898251192368873
2019-07-18,AMD,29.25,-0.022393048128342308
2019-07-18,ISHARES DIGITAL ETF,6.2,-0.01273885350318471
2019-07-19,AMD,28.97,-0.009572649572649583
2019-07-19,ISHARES DIGITAL ETF,6.3,0.016129032258064502
2019-07-20,ISHARES DIGITAL ETF,6.29,-0.0015873015873015817
2019-07-21,ISHARES DIGITAL ETF,6.3,0.0015898251192367763
2019-07-22,AMD,29.3,0.011391094235416066
2019-07-22,ISHARES DIGITAL ETF,6.27,-0.004761904761904856
2019-07-23,ISHARES DIGITAL ETF,6.31,0.006379585326953707
2019-07-23,AMD,30.04,0.025255972696245577
2019-07-24,AMD,30.62,0.019307589880159792
2019-07-24,ISHARES DIGITAL ETF,6.28,-0.004754358161648042
2019-07-25,ISHARES DIGITAL ETF,6.35,0.011146496815286566
2019-07-25,AMD,30.2,-0.013716525146962866
2019-07-26,ISHARES DIGITAL ETF,6.35,0.0
2019-07-26,AMD,30.58,0.012582781456953684
2019-07-27,ISHARES DIGITAL ETF,6.35,0.0
2019-07-29,ISHARES DIGITAL ETF,6.37,0.0031496062992126816
2019-07-29,AMD,30.04,-0.017658600392413293
2019-07-30,ISHARES DIGITAL ETF,6.34,-0.004709576138147598
2019-07-30,AMD,30.42,0.012649800266311573
2019-07-31,AMD,27.49,-0.09631821170282717
2019-07-31,ISHARES DIGITAL ETF,6.35,0.001577287066246047
2019-08-01,ISHARES DIGITAL ETF,6.3,-0.007874015748031482
2019-08-01,AMD,26.91,-0.021098581302291697
2019-08-02,AMD,26.5,-0.015235971757710853
2019-08-02,ISHARES DIGITAL ETF,6.17,-0.020634920634920673
2019-08-03,ISHARES DIGITAL ETF,6.17,0.0
2019-08-04,ISHARES DIGITAL ETF,6.17,0.0
2019-08-05,ISHARES DIGITAL ETF,5.86,-0.050243111831442366
2019-08-05,AMD,24.98,-0.0573584905660377
2019-08-06,AMD,25.77,0.031625300240192056
2019-08-06,ISHARES DIGITAL ETF,5.89,0.005119453924914641
2019-08-07,ISHARES DIGITAL ETF,5.91,0.00339558573853993
2019-08-07,AMD,26.13,0.01396973224679865
2019-08-08,ISHARES DIGITAL ETF,6.02,0.018612521150592087
2019-08-08,AMD,30.34,0.16111748947569837
2019-08-09,AMD,30.5,0.005273566249176076
2019-08-09,ISHARES DIGITAL ETF,5.99,-0.004983388704318803
2019-08-10,ISHARES DIGITAL ETF,5.99,0.0
2019-08-11,ISHARES DIGITAL ETF,5.97,-0.0033388981636061077
2019-08-12,ISHARES DIGITAL ETF,5.89,-0.01340033500837523
2019-08-12,AMD,28.93,-0.05147540983606558
2019-08-13,ISHARES DIGITAL ETF,5.88,-0.001697792869269965
2019-08-13,AMD,28.73,-0.006913238852402359
2019-08-14,ISHARES DIGITAL ETF,5.86,-0.00340136054421758
2019-08-14,AMD,27.16,-0.054646710755308026
2019-08-15,AMD,26.68,-0.0176730486008837
2019-08-15,ISHARES DIGITAL ETF,5.83,-0.005119453924914752
2019-08-16,ISHARES DIGITAL ETF,5.92,0.015437392795883298
2019-08-16,AMD,28.1,0.05322338830584705
2019-08-17,ISHARES DIGITAL ETF,5.94,0.0033783783783785104
2019-08-18,ISHARES DIGITAL ETF,5.94,0.0
2019-08-19,ISHARES DIGITAL ETF,5.98,0.006734006734006703
2019-08-19,AMD,28.41,0.011032028469750932
2019-08-20,ISHARES DIGITAL ETF,5.95,-0.0050167224080267525
2019-08-20,AMD,27.67,-0.02604716649067229
2019-08-21,AMD,28.59,0.03324900614383797
2019-08-21,ISHARES DIGITAL ETF,6.05,0.01680672268907557
2019-08-22,AMD,28.79,0.006995452955578907
2019-08-22,ISHARES DIGITAL ETF,6.0,-0.008264462809917328
2019-08-23,ISHARES DIGITAL ETF,5.88,-0.020000000000000018
2019-08-23,AMD,26.43,-0.08197290725946504
2019-08-24,ISHARES DIGITAL ETF,5.8,-0.013605442176870763
2019-08-25,ISHARES DIGITAL ETF,5.87,0.012068965517241459
2019-08-26,ISHARES DIGITAL ETF,5.93,0.010221465076660996
2019-08-26,AMD,27.29,0.03253878168747626
2019-08-27,ISHARES DIGITAL ETF,5.93,0.0
2019-08-27,AMD,27.23,-0.0021986075485525003
2019-08-28,ISHARES DIGITAL ETF,5.9,-0.005059021922428242
2019-08-28,AMD,27.79,0.020565552699228773
2019-08-29,ISHARES DIGITAL ETF,6.0,0.016949152542372836
2019-08-29,AMD,28.44,0.023389708528247732
2019-08-30,ISHARES DIGITAL ETF,6.04,0.006666666666666599
2019-08-30,AMD,28.6,0.005625879043600568
2019-08-31,ISHARES DIGITAL ETF,6.03,-0.0016556291390728006
2019-09-01,ISHARES DIGITAL ETF,6.01,-0.0033167495854063977
2019-09-02,ISHARES DIGITAL ETF,6.03,0.0033277870216306127
2019-09-02,AMD,28.1,-0.0174825174825175
2019-09-03,ISHARES DIGITAL ETF,6.01,-0.0033167495854063977
2019-09-03,AMD,28.18,0.002846975088967918
2019-09-04,AMD,28.05,-0.004613200851667831
2019-09-04,ISHARES DIGITAL ETF,6.03,0.0033277870216306127
2019-09-05,AMD,28.54,0.0174688057040997
2019-09-05,ISHARES DIGITAL ETF,6.1,0.011608623548921893
2019-09-06,AMD,27.69,-0.029782761037140726
2019-09-06,ISHARES DIGITAL ETF,6.15,0.00819672131147553
2019-09-07,ISHARES DIGITAL ETF,6.15,0.0
2019-09-08,ISHARES DIGITAL ETF,6.15,0.0
2019-09-09,AMD,27.6,-0.00325027085590468
2019-09-09,ISHARES DIGITAL ETF,6.12,-0.004878048780487809
2019-09-10,AMD,27.4,-0.007246376811594346
2019-09-10,ISHARES DIGITAL ETF,6.06,-0.009803921568627527
2019-09-11,ISHARES DIGITAL ETF,6.15,0.014851485148514865
2019-09-11,AMD,27.04,-0.0131386861313868
2019-09-12,AMD,27.31,0.009985207100591698
2019-09-12,ISHARES DIGITAL ETF,6.14,-0.001626016260162677
2019-09-13,AMD,27.72,0.015012815818381542
2019-09-13,ISHARES DIGITAL ETF,6.12,-0.0032573289902279035
2019-09-16,AMD,28.0,0.010101010101010166
2019-09-16,ISHARES DIGITAL ETF,6.14,0.0032679738562091387
2019-09-17,AMD,27.99,-0.0003571428571429447
2019-09-17,ISHARES DIGITAL ETF,6.13,-0.0016286644951140072
2019-09-18,AMD,27.58,-0.01464808860307254
2019-09-18,ISHARES DIGITAL ETF,6.13,0.0
2019-09-19,AMD,27.41,-0.00616388687454672
2019-09-19,ISHARES DIGITAL ETF,6.15,0.0032626427406199365
2019-09-20,ISHARES DIGITAL ETF,6.11,-0.006504065040650375
2019-09-20,AMD,27.26,-0.005472455308281554
2019-09-21,ISHARES DIGITAL ETF,6.1,-0.0016366612111293755
2019-09-22,ISHARES DIGITAL ETF,6.12,0.003278688524590345
2019-09-23,ISHARES DIGITAL ETF,6.11,-0.0016339869281045694
2019-09-23,AMD,27.86,0.022010271460014552
2019-09-24,ISHARES DIGITAL ETF,6.0,-0.018003273322422353
2019-09-24,AMD,26.8,-0.03804737975592243
2019-09-25,ISHARES DIGITAL ETF,6.08,0.01333333333333342
2019-09-25,AMD,26.98,0.006716417910447747
2019-09-26,ISHARES DIGITAL ETF,6.09,0.00164473684210531
2019-09-26,AMD,26.99,0.0003706449221645425
2019-09-27,AMD,26.25,-0.027417562060022216
2019-09-27,ISHARES DIGITAL ETF,6.0,-0.014778325123152691
2019-09-28,ISHARES DIGITAL ETF,6.0,0.0
2019-09-29,ISHARES DIGITAL ETF,6.06,0.010000000000000009
2019-09-30,ISHARES DIGITAL ETF,6.05,-0.0016501650165016146
2019-09-30,AMD,26.6,0.01333333333333342
2019-10-01,AMD,26.29,-0.011654135338345917
2019-10-01,ISHARES DIGITAL ETF,6.04,-0.0016528925619834212
2019-10-02,ISHARES DIGITAL ETF,5.89,-0.024834437086092787
2019-10-02,AMD,25.84,-0.0171167744389501
2019-10-03,ISHARES DIGITAL ETF,5.89,0.0
2019-10-03,AMD,26.05,0.008126934984520107
2019-10-04,ISHARES DIGITAL ETF,6.02,0.022071307300509213
2019-10-04,AMD,26.41,0.013819577735124655
2019-10-05,ISHARES DIGITAL ETF,6.02,0.0
2019-10-06,ISHARES DIGITAL ETF,6.0,-0.0033222591362125353
2019-10-07,AMD,26.37,-0.0015145778114350472
2019-10-07,ISHARES DIGITAL ETF,6.03,0.0050000000000001155
2019-10-08,AMD,25.77,-0.022753128555176416
2019-10-08,ISHARES DIGITAL ETF,5.97,-0.009950248756218971
2019-10-09,ISHARES DIGITAL ETF,5.98,0.0016750418760469454
2019-10-09,AMD,25.93,0.0062087698874659925
2019-10-10,AMD,25.78,-0.005784805244890001
2019-10-10,ISHARES DIGITAL ETF,6.0,0.0033444816053511683
2019-10-11,ISHARES DIGITAL ETF,6.09,0.014999999999999902
2019-10-11,AMD,26.93,0.044608223429014604
2019-10-14,AMD,27.7,0.028592647604901655
2019-10-14,ISHARES DIGITAL ETF,6.06,-0.0049261083743842304
2019-10-15,ISHARES DIGITAL ETF,6.09,0.004950495049504955
2019-10-15,AMD,27.84,0.005054151624548808
2019-10-16,ISHARES DIGITAL ETF,6.06,-0.0049261083743842304
2019-10-16,AMD,27.82,-0.0007183908045976795
2019-10-17,ISHARES DIGITAL ETF,6.06,0.0
2019-10-17,AMD,28.0,0.006470165348670065
2019-10-18,ISHARES DIGITAL ETF,5.99,-0.011551155115511413
2019-10-18,AMD,27.75,-0.008928571428571397
2019-10-19,ISHARES DIGITAL ETF,6.0,0.0016694490818029983
2019-10-20,ISHARES DIGITAL ETF,5.99,-0.0016666666666665941
2019-10-21,AMD,28.74,0.03567567567567553
2019-10-21,ISHARES DIGITAL ETF,6.04,0.008347245409014992
2019-10-22,ISHARES DIGITAL ETF,5.99,-0.008278145695364225
2019-10-22,AMD,28.3,-0.015309672929714635
2019-10-23,ISHARES DIGITAL ETF,5.99,0.0
2019-10-23,AMD,28.16,-0.004946996466431153
2019-10-24,ISHARES DIGITAL ETF,6.06,0.011686143572620988
2019-10-24,AMD,28.58,0.014914772727272707
2019-10-25,AMD,29.52,0.03289013296011212
2019-10-25,ISHARES DIGITAL ETF,6.1,0.0066006600660066805
2019-10-26,ISHARES DIGITAL ETF,6.1,0.0
2019-10-27,ISHARES DIGITAL ETF,6.12,0.003278688524590345
2019-10-28,AMD,30.38,0.029132791327913354
2019-10-28,ISHARES DIGITAL ETF,6.15,0.004901960784313708
2019-10-29,AMD,30.21,-0.0055957867017774054
2019-10-29,ISHARES DIGITAL ETF,6.12,-0.004878048780487809
2019-10-30,AMD,29.58,-0.020854021847070636
2019-10-31,ISHARES DIGITAL ETF,6.07,-0.008169934640522847
2019-10-31,AMD,30.45,0.02941176470588247
2019-11-01,AMD,31.25,0.026272577996715896
2019-11-01,ISHARES DIGITAL ETF,6.13,0.009884678747940523
2019-11-02,ISHARES DIGITAL ETF,6.13,0.0
2019-11-04,AMD,32.61,0.04352
2019-11-04,ISHARES DIGITAL ETF,6.16,0.004893964110929794
2019-11-05,AMD,32.65,0.0012266176019626318
2019-11-05,ISHARES DIGITAL ETF,6.18,0.0032467532467532756
2019-11-06,ISHARES DIGITAL ETF,6.16,-0.003236245954692518
2019-11-06,AMD,32.45,-0.006125574272587975
2019-11-07,AMD,32.84,0.012018489984591652
2019-11-07,ISHARES DIGITAL ETF,6.21,0.008116883116883189
2019-11-08,ISHARES DIGITAL ETF,6.22,0.0016103059581320522
2019-11-08,AMD,32.93,0.0027405602923262773
2019-11-09,ISHARES DIGITAL ETF,6.22,0.0
2019-11-11,ISHARES DIGITAL ETF,6.21,-0.001607717041800627
2019-11-11,AMD,32.91,-0.000607348921955797
2019-11-12,ISHARES DIGITAL ETF,6.23,0.0032206119162641045
2019-11-12,AMD,33.33,0.012762078395624377
2019-11-13,ISHARES DIGITAL ETF,6.23,0.0
2019-11-13,AMD,34.08,0.022502250225022502
2019-11-14,AMD,34.8,0.021126760563380254
2019-11-14,ISHARES DIGITAL ETF,6.24,0.0016051364365969878
2019-11-15,AMD,34.88,0.0022988505747127963
2019-11-15,ISHARES DIGITAL ETF,6.23,-0.0016025641025640969
2019-11-16,ISHARES DIGITAL ETF,6.23,0.0
2019-11-17,ISHARES DIGITAL ETF,6.23,0.0
2019-11-18,ISHARES DIGITAL ETF,6.24,0.0016051364365969878
2019-11-18,AMD,36.02,0.03268348623853212
2019-11-19,AMD,37.26,0.034425319267073595
2019-11-19,ISHARES DIGITAL ETF,6.2,-0.0064102564102563875
2019-11-20,AMD,36.99,-0.007246376811594124
2019-11-20,ISHARES DIGITAL ETF,6.23,0.004838709677419395
2019-11-21,AMD,35.72,-0.03433360367666949
2019-11-21,ISHARES DIGITAL ETF,6.2,-0.0048154093097914075
2019-11-22,AMD,35.5,-0.006159014557670761
2019-11-22,ISHARES DIGITAL ETF,6.25,0.008064516129032251
2019-11-23,ISHARES DIGITAL ETF,6.25,0.0
2019-11-24,ISHARES DIGITAL ETF,6.24,-0.0015999999999999348
2019-11-25,AMD,36.14,0.01802816901408444
2019-11-25,ISHARES DIGITAL ETF,6.36,0.019230769230769162
2019-11-26,ISHARES DIGITAL ETF,6.36,0.0
2019-11-26,AMD,35.35,-0.021859435528500226
2019-11-27,AMD,35.82,0.013295615275813244
2019-11-27,ISHARES DIGITAL ETF,6.33,-0.004716981132075526
2019-11-28,ISHARES DIGITAL ETF,6.38,0.00789889415481837
2019-11-28,AMD,35.58,-0.006700167504187671
2019-11-29,AMD,35.52,-0.001686340640809303
2019-11-29,ISHARES DIGITAL ETF,6.34,-0.006269592476489061
2019-12-02,AMD,34.94,-0.016328828828829023
2019-12-02,ISHARES DIGITAL ETF,6.19,-0.023659305993690816
2019-12-03,ISHARES DIGITAL ETF,6.16,-0.004846526655896688
2019-12-03,AMD,35.09,0.004293073840870187
2019-12-04,AMD,35.82,0.020803647762895228
2019-12-04,ISHARES DIGITAL ETF,6.21,0.008116883116883189
2019-12-05,AMD,35.69,-0.003629257398101715
2019-12-05,ISHARES DIGITAL ETF,6.22,0.0016103059581320522
2019-12-06,ISHARES DIGITAL ETF,6.3,0.012861736334405238
2019-12-06,AMD,35.82,0.0036424768842813204
2019-12-07,ISHARES DIGITAL ETF,6.3,0.0
2019-12-08,ISHARES DIGITAL ETF,6.3,0.0
2019-12-09,AMD,35.17,-0.01814628699050802
2019-12-09,ISHARES DIGITAL ETF,6.26,-0.006349206349206327
2019-12-10,AMD,35.54,0.010520329826556596
2019-12-10,ISHARES DIGITAL ETF,6.17,-0.014376996805111841
2019-12-11,AMD,35.42,-0.003376477208778761
2019-12-11,ISHARES DIGITAL ETF,6.19,0.0032414910858995505
2019-12-12,ISHARES DIGITAL ETF,6.2,0.001615508885298933
2019-12-12,AMD,38.28,0.08074534161490687
2019-12-13,AMD,37.01,-0.033176593521421216
2019-12-13,ISHARES DIGITAL ETF,6.23,0.004838709677419395
2019-12-14,ISHARES DIGITAL ETF,6.23,0.0
2019-12-15,ISHARES DIGITAL ETF,6.2,-0.0048154093097914075
2019-12-16,AMD,37.97,0.025938935422858744
2019-12-16,ISHARES DIGITAL ETF,6.29,0.014516129032257963
2019-12-17,AMD,38.37,0.010534632604687788
2019-12-17,ISHARES DIGITAL ETF,6.27,-0.0031796502384738856
2019-12-18,AMD,38.05,-0.00833984884023975
2019-12-18,ISHARES DIGITAL ETF,6.28,0.0015948963317384823
2019-12-19,AMD,38.5,0.01182654402102501
2019-12-19,ISHARES DIGITAL ETF,6.31,0.004777070063694211
2019-12-20,AMD,39.86,0.0353246753246752
2019-12-20,ISHARES DIGITAL ETF,6.33,0.0031695721077655836
2019-12-23,ISHARES DIGITAL ETF,6.35,0.0031595576619272148
2019-12-23,AMD,40.99,0.028349222277972874
2019-12-27,AMD,41.31,0.007806782141985824
2019-12-27,ISHARES DIGITAL ETF,6.36,0.0015748031496063408
2019-12-29,ISHARES DIGITAL ETF,6.34,-0.003144654088050425
2019-12-30,AMD,41.26,-0.0012103606874849238
2019-12-30,ISHARES DIGITAL ETF,6.41,0.011041009463722551
2020-01-02,ISHARES DIGITAL ETF,6.43,0.0031201248049921304
2020-01-02,AMD,43.94,0.06495395055744058
2020-01-03,ISHARES DIGITAL ETF,6.36,-0.010886469673405785
2020-01-03,AMD,43.53,-0.0093309057806098
2020-01-04,ISHARES DIGITAL ETF,6.35,-0.0015723270440252124
2020-01-05,ISHARES DIGITAL ETF,6.36,0.0015748031496063408
2020-01-06,AMD,43.23,-0.00689179875947632
2020-01-06,ISHARES DIGITAL ETF,6.35,-0.0015723270440252124
2020-01-07,AMD,43.29,0.001387925052047212
2020-01-07,ISHARES DIGITAL ETF,6.41,0.009448818897637823
2020-01-08,ISHARES DIGITAL ETF,6.43,0.0031201248049921304
2020-01-08,AMD,43.05,-0.005544005544005581
2020-01-09,AMD,44.08,0.02392566782810679
2020-01-09,ISHARES DIGITAL ETF,6.53,0.015552099533437058
2020-01-10,ISHARES DIGITAL ETF,6.53,0.0
2020-01-10,AMD,43.31,-0.017468239564428223
2020-01-12,ISHARES DIGITAL ETF,6.48,-0.007656967840734996
2020-01-13,AMD,43.75,0.010159316555067965
2020-01-13,ISHARES DIGITAL ETF,6.57,0.01388888888888884
2020-01-14,AMD,43.31,-0.010057142857142765
2020-01-14,ISHARES DIGITAL ETF,6.56,-0.0015220700152207556
2020-01-15,AMD,43.52,0.004848764719464382
2020-01-15,ISHARES DIGITAL ETF,6.55,-0.0015243902439023849
2020-01-16,AMD,44.67,0.026424632352941124
2020-01-16,ISHARES DIGITAL ETF,6.64,0.013740458015267132
2020-01-17,AMD,45.9,0.027535258562793707
2020-01-17,ISHARES DIGITAL ETF,6.66,0.003012048192771122
2020-01-18,ISHARES DIGITAL ETF,6.66,0.0
2020-01-19,ISHARES DIGITAL ETF,6.65,-0.0015015015015015232
2020-01-20,ISHARES DIGITAL ETF,6.67,0.003007518796992459
2020-01-20,AMD,46.35,0.009803921568627416
2020-01-21,AMD,46.04,-0.006688241639697945
2020-01-21,ISHARES DIGITAL ETF,6.64,-0.004497751124437843
2020-01-22,AMD,46.36,0.0069504778453519656
2020-01-22,ISHARES DIGITAL ETF,6.66,0.003012048192771122
2020-01-23,ISHARES DIGITAL ETF,6.7,0.006006006006006093
2020-01-23,AMD,46.76,0.008628127696289845
2020-01-24,ISHARES DIGITAL ETF,6.67,-0.004477611940298498
2020-01-24,AMD,45.65,-0.0237382378100941
2020-01-26,ISHARES DIGITAL ETF,6.66,-0.0014992503748125774
2020-01-27,ISHARES DIGITAL ETF,6.51,-0.022522522522522626
2020-01-27,AMD,44.71,-0.02059145673603502
2020-01-28,ISHARES DIGITAL ETF,6.62,0.016897081413210557
2020-01-28,AMD,45.87,0.025944978751957004
2020-01-29,ISHARES DIGITAL ETF,6.62,0.0
2020-01-29,AMD,43.16,-0.059080008720296506
2020-01-30,ISHARES DIGITAL ETF,6.58,-0.006042296072507614
2020-01-30,AMD,44.21,0.024328081556997283
2020-01-31,ISHARES DIGITAL ETF,6.39,-0.028875379939209744
2020-01-31,AMD,42.34,-0.04229812259669752
2020-02-02,ISHARES DIGITAL ETF,6.39,0.0
2020-02-03,ISHARES DIGITAL ETF,6.5,0.017214397496087663
2020-02-03,AMD,43.42,0.025507794048181376
2020-02-04,ISHARES DIGITAL ETF,6.64,0.021538461538461506
2020-02-04,AMD,44.78,0.03132197144173188
2020-02-05,ISHARES DIGITAL ETF,6.63,-0.001506024096385561
2020-02-05,AMD,45.32,0.012058954890576068
2020-02-06,AMD,44.92,-0.008826125330979706
2020-02-06,ISHARES DIGITAL ETF,6.68,0.007541478129713397
2020-02-07,ISHARES DIGITAL ETF,6.67,-0.0014970059880239361
2020-02-07,AMD,45.42,0.011130899376669667
2020-02-09,ISHARES DIGITAL ETF,6.8,0.019490254872563728
2020-02-10,ISHARES DIGITAL ETF,6.75,-0.007352941176470562
2020-02-10,AMD,47.89,0.05438132981065613
2020-02-11,AMD,49.25,0.028398413029860015
2020-02-11,ISHARES DIGITAL ETF,6.71,-0.00592592592592589
2020-02-12,AMD,49.56,0.006294416243654899
2020-02-12,ISHARES DIGITAL ETF,6.77,0.008941877794336861
2020-02-13,ISHARES DIGITAL ETF,6.79,0.002954209748892156
2020-02-13,AMD,50.31,0.015133171912832921
2020-02-14,AMD,51.04,0.01451003776585158
2020-02-14,ISHARES DIGITAL ETF,6.81,0.002945508100147265
2020-02-16,ISHARES DIGITAL ETF,6.81,0.0
2020-02-17,AMD,51.68,0.012539184952978122
2020-02-17,ISHARES DIGITAL ETF,6.86,0.007342143906020615
2020-02-18,AMD,52.71,0.019930340557275494
2020-02-18,ISHARES DIGITAL ETF,6.81,-0.007288629737609464
2020-02-19,AMD,54.5,0.03395940049326507
2020-02-19,ISHARES DIGITAL ETF,6.87,0.008810572687224738
2020-02-20,ISHARES DIGITAL ETF,6.83,-0.005822416302765698
2020-02-20,AMD,53.08,-0.026055045871559712
2020-02-21,ISHARES DIGITAL ETF,6.71,-0.017569546120058566
2020-02-21,AMD,49.06,-0.07573474001507152
2020-02-24,AMD,45.25,-0.07766000815328178
2020-02-24,ISHARES DIGITAL ETF,6.45,-0.03874813710879277
2020-02-25,AMD,43.71,-0.03403314917127065
2020-02-25,ISHARES DIGITAL ETF,6.2,-0.03875968992248058
2020-02-26,AMD,43.62,-0.002059025394646641
2020-02-26,ISHARES DIGITAL ETF,6.32,0.019354838709677358
2020-02-27,ISHARES DIGITAL ETF,5.99,-0.05221518987341778
2020-02-27,AMD,40.03,-0.08230169646950936
2020-02-28,ISHARES DIGITAL ETF,5.76,-0.038397328881469184
2020-02-28,AMD,41.19,0.02897826630027467
2020-02-29,ISHARES DIGITAL ETF,5.77,0.0017361111111111605
2020-03-01,ISHARES DIGITAL ETF,5.77,0.0
2020-03-02,AMD,42.61,0.0344743869871329
2020-03-02,ISHARES DIGITAL ETF,5.92,0.025996533795493937
2020-03-03,ISHARES DIGITAL ETF,5.85,-0.011824324324324342
2020-03-03,AMD,41.78,-0.01947899554095278
2020-03-04,ISHARES DIGITAL ETF,6.02,0.029059829059828957
2020-03-04,AMD,44.99,0.07683101962661554
2020-03-05,AMD,42.87,-0.04712158257390542
2020-03-05,ISHARES DIGITAL ETF,5.81,-0.03488372093023251
2020-03-06,ISHARES DIGITAL ETF,5.64,-0.029259896729776247
2020-03-06,AMD,42.97,0.0023326335432702905
2020-03-09,ISHARES DIGITAL ETF,5.15,-0.08687943262411335
2020-03-09,AMD,37.1,-0.13660693507097965
2020-03-10,ISHARES DIGITAL ETF,5.35,0.03883495145631044
2020-03-10,AMD,40.11,0.08113207547169798
2020-03-11,ISHARES DIGITAL ETF,5.12,-0.04299065420560744
2020-03-11,AMD,40.44,0.008227374719521174
2020-03-12,AMD,34.0,-0.1592482690405539
2020-03-12,ISHARES DIGITAL ETF,4.63,-0.095703125
2020-03-13,AMD,39.41,0.15911764705882336
2020-03-13,ISHARES DIGITAL ETF,4.83,0.043196544276457916
2020-03-16,ISHARES DIGITAL ETF,4.38,-0.0931677018633541
2020-03-16,AMD,35.77,-0.09236234458259307
2020-03-17,AMD,37.78,0.05619233994967843
2020-03-17,ISHARES DIGITAL ETF,4.51,0.029680365296803624
2020-03-18,AMD,35.9,-0.049761778718898975
2020-03-18,ISHARES DIGITAL ETF,4.32,-0.042128603104212736
2020-03-19,ISHARES DIGITAL ETF,4.41,0.02083333333333326
2020-03-19,AMD,37.1,0.033426183844011303
2020-03-20,ISHARES DIGITAL ETF,4.38,-0.006802721088435382
2020-03-20,AMD,36.82,-0.007547169811320753
2020-03-21,ISHARES DIGITAL ETF,4.33,-0.011415525114155223
2020-03-22,ISHARES DIGITAL ETF,4.39,0.013856812933025209
2020-03-23,AMD,38.83,0.05458989679521986
2020-03-23,ISHARES DIGITAL ETF,4.39,0.0
2020-03-24,ISHARES DIGITAL ETF,4.77,0.0865603644646924
2020-03-24,AMD,43.03,0.10816379088333772
2020-03-25,ISHARES DIGITAL ETF,4.87,0.02096436058700224
2020-03-25,AMD,41.49,-0.03578898442946776
2020-03-26,AMD,42.84,0.03253796095444694
2020-03-26,ISHARES DIGITAL ETF,5.01,0.028747433264886935
2020-03-27,ISHARES DIGITAL ETF,4.72,-0.05788423153692612
2020-03-27,AMD,41.86,-0.022875816993464193
2020-03-29,ISHARES DIGITAL ETF,4.73,0.0021186440677967155
2020-03-30,ISHARES DIGITAL ETF,4.89,0.03382663847780121
2020-03-30,AMD,43.28,0.03392259913999052
2020-03-31,ISHARES DIGITAL ETF,4.95,0.0122699386503069
2020-03-31,AMD,41.21,-0.04782809611829941
2020-04-01,ISHARES DIGITAL ETF,4.73,-0.0444444444444444
2020-04-01,AMD,39.9,-0.031788400873574485
2020-04-02,ISHARES DIGITAL ETF,4.84,0.02325581395348819
2020-04-02,AMD,40.97,0.026817042606516406
2020-04-03,ISHARES DIGITAL ETF,4.79,-0.010330578512396604
2020-04-03,AMD,39.39,-0.03856480351476688
2020-04-05,ISHARES DIGITAL ETF,4.81,0.0041753653444676075
2020-04-06,AMD,43.94,0.11551155115511547
2020-04-06,ISHARES DIGITAL ETF,5.07,0.05405405405405417
2020-04-07,ISHARES DIGITAL ETF,5.06,-0.0019723865877713243
2020-04-07,AMD,43.59,-0.007965407373691225
2020-04-08,AMD,44.97,0.031658637302133474
2020-04-08,ISHARES DIGITAL ETF,5.26,0.03952569169960474
2020-04-09,ISHARES DIGITAL ETF,5.39,0.024714828897338448
2020-04-09,AMD,44.23,-0.016455414720925154
2020-04-14,ISHARES DIGITAL ETF,5.43,0.007421150278293043
2020-04-14,AMD,50.02,0.13090662446303436
2020-04-15,ISHARES DIGITAL ETF,5.31,-0.02209944751381221
2020-04-15,AMD,50.4,0.007596961215513787
2020-04-16,ISHARES DIGITAL ETF,5.5,0.03578154425612068
2020-04-16,AMD,52.48,0.041269841269841345
2020-04-17,AMD,52.06,-0.008003048780487743
2020-04-17,ISHARES DIGITAL ETF,5.58,0.014545454545454639
2020-04-18,ISHARES DIGITAL ETF,5.57,-0.0017921146953404632
2020-04-19,ISHARES DIGITAL ETF,5.55,-0.0035906642728905647
2020-04-20,AMD,52.45,0.007491356127545146
2020-04-20,ISHARES DIGITAL ETF,5.56,0.0018018018018017834
2020-04-21,ISHARES DIGITAL ETF,5.37,-0.034172661870503496
2020-04-21,AMD,48.73,-0.07092469018112502
2020-04-22,AMD,51.69,0.06074286886927971
2020-04-22,ISHARES DIGITAL ETF,5.55,0.03351955307262555
2020-04-23,AMD,51.8,0.002128071193654435
2020-04-23,ISHARES DIGITAL ETF,5.6,0.009009009009008917
2020-04-24,AMD,51.94,0.002702702702702675
2020-04-24,ISHARES DIGITAL ETF,5.69,0.016071428571428736
2020-04-26,ISHARES DIGITAL ETF,5.66,-0.005272407732864748
2020-04-27,ISHARES DIGITAL ETF,5.84,0.03180212014134276
2020-04-27,AMD,52.16,0.004235656526761611
2020-04-28,ISHARES DIGITAL ETF,5.77,-0.011986301369863117
2020-04-28,AMD,51.3,-0.016487730061349737
2020-04-29,ISHARES DIGITAL ETF,6.04,0.04679376083188913
2020-04-29,AMD,49.32,-0.03859649122807007
2020-04-30,AMD,47.79,-0.031021897810219023
2020-04-30,ISHARES DIGITAL ETF,5.78,-0.04304635761589404
2020-05-04,ISHARES DIGITAL ETF,5.8,0.0034602076124565784
2020-05-04,AMD,48.23,0.009206947060054427
2020-05-05,AMD,48.15,-0.001658718639850676
2020-05-05,ISHARES DIGITAL ETF,5.94,0.024137931034482918
2020-05-06,ISHARES DIGITAL ETF,5.99,0.008417508417508435
2020-05-06,AMD,48.32,0.0035306334371756343
2020-05-07,ISHARES DIGITAL ETF,6.22,0.03839732888146896
2020-05-07,AMD,47.97,-0.007243377483443725
2020-05-08,ISHARES DIGITAL ETF,6.3,0.012861736334405238
2020-05-08,AMD,49.07,0.022930998540754643
2020-05-10,ISHARES DIGITAL ETF,6.29,-0.0015873015873015817
2020-05-11,ISHARES DIGITAL ETF,6.36,0.011128775834658322
2020-05-11,AMD,51.5,0.049521092317098114
2020-05-12,ISHARES DIGITAL ETF,6.22,-0.022012578616352307
2020-05-12,AMD,49.71,-0.03475728155339808
2020-05-13,ISHARES DIGITAL ETF,6.12,-0.01607717041800638
2020-05-13,AMD,48.21,-0.03017501508750753
2020-05-14,ISHARES DIGITAL ETF,6.15,0.004901960784313708
2020-05-14,AMD,50.49,0.04729309271935289
2020-05-15,AMD,50.11,-0.007526242820360518
2020-05-15,ISHARES DIGITAL ETF,6.17,0.003252032520325132
2020-05-17,ISHARES DIGITAL ETF,6.14,-0.004862236628849326
2020-05-18,ISHARES DIGITAL ETF,6.37,0.037459283387622166
2020-05-18,AMD,49.97,-0.002793853522251033
2020-05-19,AMD,50.74,0.015409245547328476
2020-05-19,ISHARES DIGITAL ETF,6.26,-0.017268445839874413
2020-05-20,ISHARES DIGITAL ETF,6.39,0.02076677316293929
2020-05-20,AMD,51.33,0.011627906976744207
2020-05-21,AMD,50.17,-0.022598870056497078
2020-05-21,ISHARES DIGITAL ETF,6.35,-0.006259780907668211
2020-05-22,AMD,50.58,0.008172214470799188
2020-05-22,ISHARES DIGITAL ETF,6.47,0.018897637795275646
2020-05-23,ISHARES DIGITAL ETF,6.47,0.0
2020-05-24,ISHARES DIGITAL ETF,6.44,-0.004636785162287382
2020-05-25,AMD,51.26,0.013444049031237748
2020-05-25,ISHARES DIGITAL ETF,6.6,0.024844720496894235
2020-05-26,ISHARES DIGITAL ETF,6.53,-0.010606060606060508
2020-05-26,AMD,48.45,-0.05481857198595386
2020-05-27,ISHARES DIGITAL ETF,6.51,-0.003062787136294043
2020-05-27,AMD,47.95,-0.01031991744066052
2020-05-28,AMD,46.73,-0.02544316996871754
2020-05-28,ISHARES DIGITAL ETF,6.52,0.001536098310291889
2020-05-29,AMD,48.25,0.032527284399743284
2020-05-29,ISHARES DIGITAL ETF,6.52,0.0
2020-05-30,ISHARES DIGITAL ETF,6.52,0.0
2020-05-31,ISHARES DIGITAL ETF,6.5,-0.0030674846625766694
2020-06-01,ISHARES DIGITAL ETF,6.63,0.020000000000000018
2020-06-01,AMD,48.06,-0.00393782383419683
2020-06-02,AMD,47.96,-0.0020807324178111486
2020-06-02,ISHARES DIGITAL ETF,6.75,0.018099547511312153
2020-06-03,AMD,46.9,-0.022101751459549623
2020-06-03,ISHARES DIGITAL ETF,6.8,0.007407407407407307
